No,Keyword,Volume,CPC,Paid Difficulty,SEO Difficulty
1,ai automation company,320,60.13,36,31
2,ai agent development company,590,58.21,28,39
3,autonomous ai agents for business,0,0,1,4
4,ai in customer service,5400,30.64,38,67
5,ai leaders companies,1000,5.75,44,62
6,ai agent meaning,390,3.6,26,77
7,ai investment companies,390,7.35,14,59
8,ai development companies in india,210,73.245,14,43
9,ai product owner jobs,110,0.64,12,18
10,ai companies to work for,70,5.26,21,27
11,ai companies in los angeles,70,13.82,70,53
12,custom ai agent development company,50,282.5,17,22
13,ai farming companies,50,3.93,55,31
14,what is automation in ai,40,5.75,11,45
15,ai automation agency business model,40,14.03,28,20
16,ai automotive companies,40,4.115,76,75
17,ai for manufacturing companies,40,18.79,36,43
18,ai hr companies,30,32.31,71,36
19,ai automation use cases,30,32.87,6,39
20,ai product companies,30,23.29,19,62
21,ai drug development companies,30,20.17,54,40
22,ai business consultant salary,20,3.53,17,28
23,companies using ai in recruitment,20,0,1,5
24,ai automation business model,10,0,17,65
25,ai automation business reddit,10,0,4,7
26,ai workflow automation company,10,0,22,12
27,example of agent in ai,10,0,7,8
28,ai based companies in india,10,7.785,54,22
29,ai companies in noida,10,0,1,5
30,ai automation company in hyderabad,0,0,1,4
31,ai automation company in ahmedabad,0,0,1,4
32,ai automation business 2026,0,0,1,4
33,ai business automation 2030,0,0,1,4
34,ai automation for company,0,0,1,4
35,ai automation company australia,0,0,1,4
36,ai automation agency company,0,0,1,4
37,ai & automation business analyst intern,0,0,1,4
38,ai automation business analyst jobs,0,0,1,4
39,ai automation business agency,0,0,1,4
40,ai & automation business analyst intern ibm,0,0,1,4
41,ai automation agency business plan,0,0,1,4
42,ai automation agency business reddit,0,0,1,4
43,ai business automation australia,0,0,1,4
44,ai automation companies south africa,0,0,1,4
45,ai agent automation company,0,0,1,4
46,ai automation company in bangladesh,0,0,1,4
47,best ai automation company in india,0,0,1,4
48,ai business automation company,0,0,1,4
49,biggest ai automation company,0,0,1,4
50,best ai & automation company in mohali,0,0,1,4
51,best ai automation company in kerala,0,0,1,4
52,best ai automation company in texas,0,0,1,4
53,ai automation business course,0,0,1,4
54,ai automation consulting company,0,0,1,4
55,ai automation business card,0,0,1,4
56,ai automation consulting business,0,0,1,4
57,ai automation consulting firm,0,0,1,4
58,ai automation company in chennai,0,0,1,4
59,ai business automation course free,0,0,1,4
60,ai automation for construction companies,0,0,1,4
61,core automation ai company,0,0,1,4
62,ai automation development company,0,0,1,34
63,ai automation company in dallas,0,0,1,4
64,ai automation company in delhi,0,0,1,4
65,deccan ai automation company,0,0,1,4
66,what does an ai automation company do,0,0,1,4
67,ai automation business examples,0,0,1,4
68,ai business automation engineer,0,0,1,4
69,ai & business automation expo,0,0,1,4
70,ai business automation engineer box,0,0,1,4
71,ai business automation exhibition 2025,0,0,1,4
72,ai & business automation expo spring,0,0,1,4
73,ai & business automation expo osaka,0,0,1,4
74,ai & business automation expo osaka 2026,0,0,1,4
75,ai & business automation expo 2026,0,0,1,4
76,ai & business automation expo tokyo 2026,0,0,1,4
77,ai automation tools for companies,0,0,1,4
78,ai automation for my company,0,0,1,4
79,ai automation for recruitment company,0,0,1,4
80,ai automation company germany,0,0,1,4
81,ai automation business how to start,0,0,1,4
82,ai automation business kya hai,0,0,1,4
83,ai automation for hvac companies,0,0,1,4
84,nate herk ai automation company,0,0,1,4
85,ai automation company in dubai,0,0,1,4
86,ai automation company in germany,0,0,1,4
87,ai automation company jaipur,0,0,1,4
88,ai business automation jobs,0,0,1,4
89,ai automation software company in jaipur,0,0,1,4
90,ai automation co to jest,0,0,1,4
91,ai automation company in kolkata,0,0,1,4
92,ai automation companies in kenya,0,0,1,4
93,ai automation company logo,0,0,1,4
94,ai automation company london,0,0,1,4
95,ai tech automation co ltd,0,0,1,4
96,ai automation company meaning,0,0,1,4
97,ai automation business meaning,0,0,1,4
98,ai automation business near me,0,0,1,4
99,ai marketing automation company,0,0,1,4
100,digimirai ai automation & digital marketing company nashik photos,0,0,1,4
101,ai automation company names,0,0,1,4
102,ai automation business name ideas,0,0,1,4
103,ai automation company in noida,0,0,1,4
104,ai automation company in new york,0,0,1,4
105,ai automation company in nigeria,0,0,1,4
106,ai automation of business processes,0,0,1,4
107,ai automation online business,0,0,1,4
108,ai automation for business operations,0,0,1,4
109,ai automation company pune,0,0,1,4
110,ai automation business plan,0,0,1,4
111,ai automation business process,0,0,1,4
112,ai business automation platform,0,0,1,4
113,ai business automation platform for teams,0,0,1,4
114,ai business automation platform in india,0,0,1,4
115,ai automation company in pakistan,0,0,1,4
116,intency automation & ai company photos,0,0,1,4
117,ai automation company in qatar,0,0,1,4
118,ai automation business ideas reddit,0,0,1,4
119,ai automation small business reddit,0,0,1,4
120,ai automation for roofing companies,0,0,1,4
121,ai automation company singapore,0,0,1,4
122,ai automation services company,0,0,1,4
123,ai automation business salary,0,0,1,4
124,ai automation software company,0,0,1,4
125,ai automation companies to invest in,0,0,1,4
126,ai automation corporate treasury india,0,0,1,4
127,ai automation tech company,0,0,1,4
128,ai automation business tools,0,0,1,4
129,ai automation top companies,0,0,1,4
130,ai business automation tasklet,0,0,1,4
131,ai automation company in texas,0,0,1,4
132,ai automation for business transformation skooldio,0,0,1,4
133,ai automation company uk,0,0,1,4
134,ai automation company usa,0,0,1,4
135,ai automation company uae,0,0,1,4
136,ai automation business uk,0,0,1,4
137,ai automation business website,0,0,1,4
138,ai automation company in ranchi,0,0,1,4
139,ai automation company website,0,0,1,4
140,ai automation company in us,0,0,1,4
141,ai automation companies in ghana,0,0,1,4
142,ai automation company bangalore,0,0,1,4
143,ai automation company reddit,0,0,1,4
144,best ai automation company,0,0,1,4
145,ai automation of business,0,0,1,4
146,ai automation company hyderabad,0,0,1,4
147,ai automation business analyst,0,0,1,4
148,top ai automation company in texas,0,0,1,4
149,autonomous ai agent company,0,0,1,4
150,autonomous ai agents in business,0,0,1,4
151,autonomous ai agents companies,0,0,1,4
152,ai agent development company in canada,0,0,1,4
153,top ai agent development companies in 2026,0,0,1,4
154,ai agent development for business,0,0,1,4
155,top ai agent development companies for travel,0,0,1,4
156,top ai agent development companies for retail,0,0,1,4
157,ai agent development companies in the usa,0,0,1,4
158,ai agent app development company,0,0,1,4
159,best ai agent development company,0,0,1,4
160,best ai agent development company in india,0,0,1,4
161,best ai agent development company in surat,0,0,1,4
162,best ai agent development company in gujarat,0,0,1,4
163,ai agent development company in delhi,0,0,1,4
164,declone labs pvt ltd ai agent development company reviews,0,0,1,4
165,ai agent development company in gujarat,0,0,1,4
166,ai growth companies,0,0,1,12
167,hire ai agent development company,0,0,1,4
168,ai agent development company in kuwait,0,0,1,4
169,ai marketing agent development company,0,0,1,4
170,top ai agent development company,0,0,1,4
171,top ai agent development company in usa,0,0,1,21
172,ai voice agent development company,0,0,1,14